first_name,last_name,email
Alice,Johnson,alice.johnson@email.com
Bob,Smith,bob.smith@email.com
Charlie,Brown,charlie.brown@email.com
David,White,david.white@email.com
Emma,Garcia,emma.garcia@email.com
